study,BU Pi_mix(0.3),BU Pi_mix(0.7),BU Pi_1(0.3),Hommel,Gou,Improved Hommel Pi_mix(0.3),Improved Hommel Pi_mix(0.7),Improved Hommel Pi_1(0.3),Improved Hommel Pi_1(0.7)
1,5,5,5,5,5,5,5,5,5
2,5,5,5,5,5,5,5,5,5
3,0,0,0,0,0,0,0,0,0
4,0,0,0,0,0,0,0,0,0
5,0,0,0,0,0,0,0,0,0
6,1,1,1,1,1,1,1,1,1
7,0,0,0,0,0,0,0,0,0
8,3,3,3,3,3,3,3,3,3
9,3,3,3,3,3,3,3,3,3
10,1,1,0,0,0,0,0,0,0
11,1,1,1,1,1,1,1,1,1
12,5,5,5,5,5,5,5,5,5
13,0,0,0,0,0,0,0,0,0
14,1,1,1,1,1,1,1,1,1
15,0,0,0,0,0,0,0,0,0
16,0,0,0,0,0,0,0,0,0
17,0,0,0,0,0,0,0,0,0
18,1,1,1,1,1,1,1,1,1
19,3,3,3,3,3,3,3,3,3
20,2,2,2,2,2,2,2,2,2
21,1,1,0,0,1,1,1,0,0
22,1,1,0,0,1,1,1,0,0
23,0,0,0,0,0,0,0,0,0
24,1,1,1,1,1,1,1,1,1
25,2,1,0,0,1,1,1,0,0
26,0,0,0,0,0,0,0,0,0
27,0,0,0,0,0,0,0,0,0
28,1,1,1,1,1,1,1,1,1
29,0,0,0,0,0,0,0,0,0
30,0,0,0,0,0,0,0,0,0
31,0,0,0,0,0,0,0,0,0
32,2,2,2,2,2,2,2,2,2
33,2,2,0,0,0,0,0,0,0
34,0,0,0,0,0,0,0,0,0
35,4,4,3,3,3,3,3,3,3
36,5,5,5,5,5,5,5,5,5
37,0,0,0,0,0,0,0,0,0
38,0,0,0,0,0,0,0,0,0
39,0,0,0,0,0,0,0,0,0
40,0,0,0,0,0,0,0,0,0
41,0,0,0,0,0,0,0,0,0
42,1,1,1,1,1,1,1,1,1
43,5,5,5,5,5,5,5,5,5
44,1,1,1,1,1,1,1,1,1
45,3,3,3,3,3,3,3,3,3
46,4,4,2,2,2,2,2,2,2
47,4,4,4,4,4,4,4,4,4
48,4,4,4,4,4,4,4,4,4
49,5,5,5,5,5,5,5,5,5
50,5,5,5,5,5,5,5,5,5
51,3,3,3,3,3,3,3,3,3
52,5,5,5,5,5,5,5,5,5
53,2,2,2,2,2,2,2,2,2
54,0,0,0,0,0,0,0,0,0
55,3,2,1,2,2,2,2,2,2
56,0,0,0,0,0,0,0,0,0
57,5,5,5,5,5,5,5,5,5
58,3,3,3,3,3,3,3,3,3
59,1,1,1,1,1,1,1,1,1
60,5,5,5,5,5,5,5,5,5
61,4,4,4,4,4,4,4,4,4
62,4,4,4,4,4,4,4,4,4
63,5,5,5,5,5,5,5,5,5
64,1,1,1,1,1,1,1,1,1
65,5,5,5,5,5,5,5,5,5
66,2,2,2,2,2,2,2,2,2
67,2,2,2,2,2,2,2,2,2
68,2,2,2,2,2,2,2,2,2
69,5,5,5,5,5,5,5,5,5
70,0,0,0,0,0,0,0,0,0
71,0,0,0,0,0,0,0,0,0
72,1,1,1,1,1,1,1,1,1
73,0,0,0,0,0,0,0,0,0
74,1,1,1,1,1,1,1,1,1
75,2,2,2,2,2,2,2,2,2
76,0,0,0,0,0,0,0,0,0
77,2,2,2,2,2,2,2,2,2
78,2,2,2,2,2,2,2,2,2
79,3,3,3,3,3,3,3,3,3
80,0,0,0,0,0,0,0,0,0
81,1,1,1,1,1,1,1,1,1
82,1,1,1,1,1,1,1,1,1
83,4,4,4,4,4,4,4,4,4
84,1,1,1,1,1,1,1,1,1
85,2,3,3,3,3,3,3,3,3
86,1,1,1,1,1,1,1,1,1
87,1,1,1,1,1,1,1,1,1
88,1,1,1,1,1,1,1,1,1
89,4,4,4,4,4,4,4,4,4
90,1,1,1,1,1,1,1,1,1
91,5,5,5,5,5,5,5,5,5
92,3,3,3,3,3,3,3,3,3
93,2,1,1,1,1,1,1,1,1
94,0,0,0,0,0,0,0,0,0
95,1,1,1,1,1,1,1,1,1
96,0,0,0,0,0,0,0,0,0
97,0,0,0,0,0,0,0,0,0
98,0,0,0,0,0,0,0,0,0
99,2,2,2,2,2,2,2,2,2
100,0,0,0,0,0,0,0,0,0
101,0,0,0,0,0,0,0,0,0
102,0,0,0,0,0,0,0,0,0
103,1,0,0,0,0,0,0,0,0
104,0,0,0,0,0,0,0,0,0
105,1,1,1,1,1,1,1,1,1
106,0,0,0,0,0,0,0,0,0
107,0,0,0,0,0,0,0,0,0
108,0,0,0,0,0,0,0,0,0
109,3,3,3,3,3,3,3,3,3
110,0,0,0,0,0,0,0,0,0
111,0,0,0,0,0,0,0,0,0
112,1,1,1,1,1,1,1,1,1
113,0,0,0,0,0,0,0,0,0
114,0,0,0,0,0,0,0,0,0
115,0,0,0,0,0,0,0,0,0
116,0,0,0,0,0,0,0,0,0
117,0,0,0,0,0,0,0,0,0
118,0,0,0,0,0,0,0,0,0
119,0,0,0,0,0,0,0,0,0
120,5,5,5,5,5,5,5,5,5
121,1,1,1,1,1,1,1,1,1
122,3,3,3,3,3,3,3,3,3
123,5,5,5,5,5,5,5,5,5
124,1,1,1,1,1,1,1,1,1
125,1,1,0,0,0,1,1,0,0
126,2,2,2,2,2,2,2,2,2
127,3,3,3,3,3,3,3,3,3
128,0,0,0,0,0,0,0,0,0
129,5,5,5,5,5,5,5,5,5
130,2,2,2,2,2,2,2,2,2
131,2,1,1,1,1,1,1,1,1
132,2,2,2,2,2,2,2,2,2
133,0,0,0,0,0,0,0,0,0
134,5,5,5,5,5,5,5,5,5
135,1,1,1,1,1,1,1,1,1
136,0,0,0,0,0,0,0,0,0
137,2,2,2,2,2,2,2,2,2
138,1,1,1,1,1,1,1,1,1
139,0,0,0,0,0,0,0,0,0
140,0,0,0,0,0,0,0,0,0
141,0,0,0,0,0,0,0,0,0
142,1,2,1,1,1,1,1,1,1
143,3,4,4,4,4,4,4,4,4
144,5,5,5,5,5,5,5,5,5
145,5,5,5,5,5,5,5,5,5
146,0,0,0,0,0,0,0,0,0
147,2,2,2,2,2,2,2,2,2
148,1,1,1,1,1,1,1,1,1
149,1,1,1,1,1,1,1,1,1
150,4,4,4,4,4,4,4,4,4
151,3,3,3,3,3,3,3,3,3
152,4,4,4,4,4,4,4,4,4
153,4,4,4,4,4,4,4,4,4
154,4,4,4,4,4,4,4,4,4
155,4,4,4,4,4,4,4,4,4
156,0,0,0,0,0,0,0,0,0
157,0,0,0,0,0,0,0,0,0
158,0,0,0,0,0,0,0,0,0
159,0,0,0,0,0,0,0,0,0
160,0,0,0,0,0,0,0,0,0
161,0,0,0,0,0,0,0,0,0
162,0,0,0,0,0,0,0,0,0
163,4,4,4,4,4,4,4,4,4
164,1,1,1,1,1,1,1,1,1
165,0,0,0,0,0,0,0,0,0
166,0,0,0,0,0,0,0,0,0
167,3,3,2,2,2,2,2,2,2
168,4,4,4,4,4,4,4,4,4
169,0,0,0,0,0,0,0,0,0
170,4,4,4,4,4,4,4,4,4
171,2,2,1,1,1,1,1,1,1
172,3,3,3,3,3,3,3,3,3
173,3,3,3,3,3,3,3,3,3
174,2,2,2,2,2,2,2,2,2
175,2,2,2,2,2,2,2,2,2
176,1,1,1,1,1,1,1,1,1
177,3,3,3,3,3,3,3,3,3
178,4,4,4,4,4,4,4,4,4
179,0,0,0,0,0,0,0,0,0
180,5,5,5,5,5,5,5,5,5
181,0,0,0,0,0,0,0,0,0
182,0,0,0,0,0,0,0,0,0
183,0,0,0,0,0,0,0,0,0
184,4,4,4,4,4,4,4,4,4
185,1,1,1,1,1,1,1,1,1
186,3,3,3,3,3,3,3,3,3
187,0,0,0,0,0,0,0,0,0
188,2,2,2,2,2,2,2,2,2
189,1,1,1,1,1,1,1,1,1
190,3,3,2,2,2,2,2,2,2
191,0,0,0,0,0,0,0,0,0
192,0,0,0,0,0,0,0,0,0
193,0,1,1,0,0,1,1,1,1
194,3,3,3,3,3,3,3,3,3
195,2,2,2,2,2,2,2,2,2
196,2,2,2,2,2,2,2,2,2
197,2,2,2,2,2,2,2,2,2
198,5,5,5,5,5,5,5,5,5
199,2,2,2,2,2,2,2,2,2
200,2,2,2,2,2,2,2,2,2
201,1,0,0,0,0,0,0,0,0
202,2,2,2,2,2,2,2,2,2
203,4,4,4,4,4,4,4,4,4
204,0,0,0,0,0,0,0,0,0
205,0,0,0,0,0,0,0,0,0
206,5,5,5,5,5,5,5,5,5
207,4,4,4,4,4,4,4,4,4
208,5,5,5,5,5,5,5,5,5
209,1,1,1,1,1,1,1,1,1
210,1,1,1,1,1,1,1,1,1
211,1,1,1,1,1,1,1,1,1
212,2,2,2,2,2,2,2,2,2
213,1,1,1,1,1,1,1,1,1
214,3,3,3,3,3,3,3,3,3
215,2,2,2,2,2,2,2,2,2
216,0,0,0,0,0,0,0,0,0
217,1,1,1,1,1,1,1,1,1
218,2,2,2,2,2,2,2,2,2
219,3,3,3,3,3,3,3,3,3
220,0,0,0,0,0,0,0,0,0
221,0,0,0,0,0,0,0,0,0
222,5,5,5,5,5,5,5,5,5
223,2,2,2,2,2,2,2,2,2
224,3,3,3,3,3,3,3,3,3
225,0,0,0,0,0,0,0,0,0
226,0,0,0,0,0,0,0,0,0
227,1,1,1,1,1,1,1,1,1
228,3,3,3,3,3,3,3,3,3
229,2,2,2,2,2,2,2,2,2
230,3,3,3,3,3,3,3,3,3
231,0,0,0,0,0,0,0,0,0
232,1,1,1,1,1,1,1,1,1
233,2,2,0,0,0,0,0,0,0
234,2,1,1,1,1,1,1,1,1
235,0,0,0,0,0,0,0,0,0
236,1,1,1,1,1,1,1,1,1
237,5,5,5,5,5,5,5,5,5
238,4,4,4,4,4,4,4,4,4
239,3,3,3,3,3,3,3,3,3
240,2,2,2,2,2,2,2,2,2
241,2,2,2,2,2,2,2,2,2
242,2,2,2,2,2,2,2,2,2
243,1,1,1,1,1,1,1,1,1
244,0,0,0,0,0,0,0,0,0
245,3,3,3,3,3,3,3,3,3
246,3,3,3,3,3,3,3,3,3
247,1,2,2,2,2,2,2,2,2
248,3,3,3,3,3,3,3,3,3
